ECRef,RegulatedEntityName,RegulatedEntityTypeName,RegistrationStatusName,RegisterName,EntityStatusName,ReferendumName,DesignationStatusName,CompanyRegistrationNumber,ApprovedDate,FieldingCandidatesInEngland,FieldingCandidatesInScotland,FieldingCandidatesInWales,FieldingCandidatesInEurope,FieldingCandidatesMinorParty,ReferendumOutcome,CampaigningName,FinancialYearEnd
PP210,21st Century Conservative Democrats,Political Party,Registered,Great Britain,,,,,27/11/2001,True,True,True,False,False,,,31/12
PP851,A Better Way to Govern,Political Party,Registered,Great Britain,,,,,26/03/2010,True,True,True,True,False,,,31/12
PP6673,Abolish the Scottish Parliament Party,Political Party,Registered,Great Britain,,,,,31/01/2018,False,True,False,False,False,,,31/12
PP6745,Abolish the Town Council Party,Political Party,Registered,Great Britain,,,,,29/03/2018,True,False,False,False,False,,,31/12
PP2802,Abolish The Welsh Assembly Party,Political Party,Registered,Great Britain,,,,,03/07/2015,False,False,True,False,False,,,31/12
PP654,Action To Save St.John's Hospital,Political Party,Registered,Great Britain,,,,,19/03/2007,False,True,False,False,False,,,31/12
PP6795,Active For Plymouth,Political Party,Registered,Great Britain,,,,,25/06/2018,True,False,False,False,False,,,31/12
PP12509,Active For Westhoughton,Political Party,Registered,Great Britain,,,,,02/06/2020,True,False,False,False,False,,,31/12
PP6667,Advance Together,Political Party,Registered,Great Britain,,,,,22/01/2018,True,True,True,True,False,,,31/12
PP8007,Alderley Edge First,Political Party,Registered,Great Britain,,,,,04/03/2019,True,False,False,False,False,,,31/12
PP103,Alliance - Alliance Party of Northern Ireland,Political Party,Registered,Northern Ireland,,,,,25/02/1999,False,False,False,False,False,,,31/12
PP1952,Alliance EPP (European People’s Party) UK,Political Party,Registered,Great Britain,,,,,10/10/2012,True,True,True,True,False,,,31/12
PP5260,Alliance for Europe,Political Party,Registered,Great Britain,,,,,24/08/2016,True,True,True,False,False,,,31/12
PP67,Alliance For Green Socialism,Political Party,Registered,Great Britain,,,,,25/02/1999,True,True,True,False,False,,,31/12
PP7997,Alliance For Local Living (ALL),Political Party,Registered,Great Britain,,,,,01/04/2019,True,False,False,False,False,,,31/12
PP2658,Alliance for London,Political Party,Registered,Great Britain,,,,,01/04/2015,True,False,False,False,False,,,31/12
PP334,Alternative Party,Political Party,Registered,Great Britain,,,,,21/05/2003,True,True,True,False,False,,,31/12
PP7998,Andover Alliance,Political Party,Registered,Great Britain,,,,,22/03/2019,True,False,False,False,False,,,31/12
PP9225,Andover Independents Party,Political Party,Registered,Great Britain,,,,,02/09/2019,True,False,False,False,False,,,31/12
PP4041,Animal Welfare Party,Political Party,Registered,Northern Ireland,,,,,06/04/2016,False,False,False,False,False,,,31/12
PP616,Animal Welfare Party,Political Party,Registered,Great Britain,,,,,22/01/2007,True,True,True,False,False,,,31/12
PP7968,Aontú,Political Party,Registered,Northern Ireland,,,,,25/03/2019,False,False,False,False,False,,,31/12
PP845,Apolitical Democrats,Political Party,Registered,Great Britain,,,,,22/03/2010,True,True,True,False,False,,,31/12
PP6393,Arts Party,Political Party,Registered,Great Britain,,,,,25/04/2017,True,True,True,True,False,,,31/12
PP3902,Ashfield Independents,Political Party,Registered,Great Britain,,,,,28/07/2016,True,False,False,False,False,,,31/12
PP291,Ashford Independent,Political Party,Registered,Great Britain,,,,,06/03/2003,True,False,False,False,False,,,31/12
PP625,Ashtead Independents,Political Party,Registered,Great Britain,,,,,05/03/2007,True,False,False,False,False,,,31/12
PP6713,Aspire,Political Party,Registered,Great Britain,,,,,26/01/2018,True,False,False,True,False,,,31/12
PP2567,Atomist,Political Party,Registered,Great Britain,,,,,27/02/2015,True,True,True,True,False,,,31/12
PP530,Barnsley Independent Group,Political Party,Registered,Great Britain,,,,,14/02/2006,True,False,False,False,False,,,31/12
PP10225,Basingstoke & Deane Independents,Political Party,Registered,Great Britain,,,,,20/01/2020,True,False,False,False,False,,,31/12
PP6744,Bath Northeast Somerset Independent Group (BIG),Political Party,Registered,Great Britain,,,,,05/03/2018,True,False,False,False,False,,,31/12
PP6709,Birmingham Worker,Political Party,Registered,Great Britain,,,,,07/03/2018,True,False,False,False,False,,,31/12
PP11456,Black Country Party,Political Party,Registered,Great Britain,,,,,10/01/2020,True,False,False,False,False,,,31/12
PP6342,Blue Revolution,Political Party,Registered,Great Britain,,,,,16/03/2017,True,False,False,False,False,,,31/12
PP2676,BollingtonFirst,Political Party,Registered,Great Britain,,,,,27/02/2015,True,False,False,False,False,,,31/12
PP11460,Bolton For Change,Political Party,Registered,Great Britain,,,,,26/02/2020,True,False,False,False,False,,,31/12
PP6885,Both Unions Party,Political Party,Registered,Great Britain,,,,,12/12/2018,True,True,True,False,False,,,31/12
PP6844,Both Unions Party of Northern Ireland,Political Party,Registered,Northern Ireland,,,,,10/09/2018,False,False,False,False,False,,,31/12
PP9050,Brexit Express (BE),Political Party,Registered,Great Britain,,,,,13/03/2019,True,True,True,True,False,,,31/12
PP1803,Britannica,Political Party,Registered,Great Britain,,,,,18/08/2011,True,True,True,False,False,,,31/12
PP1765,British Democratic Party,Political Party,Registered,Great Britain,,,,,23/05/2011,True,True,True,False,False,,,31/12
PP2165,British Independents,Political Party,Registered,Great Britain,,,,,28/11/2013,True,True,True,False,False,,,31/12
PP10282,British Liberal Provident Party,Political Party,Registered,Great Britain,,,,,13/01/2020,True,True,True,True,False,,,31/12
PP3960,British National Party,Political Party,Registered,Great Britain,,,,,10/02/2016,True,True,True,False,False,,,31/12
PP3938,British Resistance,Political Party,Registered,Great Britain,,,,,14/03/2016,True,False,False,False,False,,,31/12
PP2834,British Unionist Party - B.U.P.,Political Party,Registered,Great Britain,,,,,21/08/2015,True,True,True,False,False,,,31/12
PP9076,Buckinghamshire Residents Association,Political Party,Registered,Great Britain,,,,,25/03/2019,True,False,False,False,False,,,31/12
PP6725,Burnley and Padiham independent Party,Political Party,Registered,Great Britain,,,,,26/02/2018,True,False,False,False,False,,,31/12
PP6735,Campaign Against Pedestrianisation of Oxford Street,Political Party,Registered,Great Britain,,,,,05/03/2018,True,False,False,False,False,,,31/12
PP381,Canvey Island Independent Party,Political Party,Registered,Great Britain,,,,,22/04/2004,True,False,False,False,False,,,31/12
PP478,Centreground Party,Political Party,Registered,Great Britain,,,,,12/04/2005,True,True,True,True,False,,,31/12
PP10322,Charford Residents' Association,Political Party,Registered,Great Britain,,,,,21/01/2020,True,False,False,False,False,,,31/12
PP2883,Chesterfield And North Derbyshire Independents (CANDI),Political Party,Registered,Great Britain,,,,,18/02/2016,True,False,False,True,False,,,31/12
PP2302,Christian Democrat Party for a Consensus,Political Party,Registered,Great Britain,,,,,03/04/2014,True,False,False,False,False,,,31/12
PP2893,"Christian Party ""Proclaiming Christ's Lordship""",Political Party,Registered,Great Britain,,,,,15/12/2015,True,True,True,True,False,,,31/12
PP79,Christian Peoples Alliance,Political Party,Registered,Great Britain,,,,,24/03/1999,True,True,True,False,False,,,31/12
PP843,Church of the Militant Elvis,Political Party,Registered,Great Britain,,,,,17/03/2010,True,False,False,False,False,,,31/12
PP6337,Citizens Action Party,Political Party,Registered,Great Britain,,,,,25/04/2017,True,True,True,False,False,,,31/12
PP1891,Citizens First,Political Party,Registered,Great Britain,,,,,22/03/2012,False,True,False,False,False,,,31/12
PP396,City Independents,Political Party,Registered,Great Britain,,,,,16/06/2004,True,False,False,False,False,,,31/12
PP119,Co-operative Party,Political Party,Registered,Great Britain,,,,,25/02/1999,True,True,True,False,False,,,31/12
PP376,Common Good,Political Party,Registered,Northern Ireland,,,,,01/04/2004,False,False,False,False,False,,,31/12
PP375,Common Good,Political Party,Registered,Great Britain,,,,,01/04/2004,True,True,True,True,False,,,31/12
PP2730,Common Sense Party,Political Party,Registered,Great Britain,,,,,07/04/2015,True,True,True,False,False,,,31/12
PP823,Communist League Election Campaign,Political Party,Registered,Great Britain,,,,,03/03/2010,True,True,True,True,False,,,31/12
PP78,Communist Party of Britain,Political Party,Registered,Great Britain,,,,,25/02/1999,True,True,True,True,False,,,31/12
PP844,Communities United Party,Political Party,Registered,Great Britain,,,,,17/03/2010,True,False,False,False,False,,,31/12
PP367,Community Campaign (Hart),Political Party,Registered,Great Britain,,,,,27/02/2004,True,True,True,False,False,,,31/12
PP751,Community First,Political Party,Registered,Great Britain,,,,,01/04/2009,True,False,False,False,False,,,31/3
PP51,Conservative and Unionist Party,Political Party,Registered,Northern Ireland,,,,,16/02/2001,False,False,False,False,False,,,31/12
PP52,Conservative and Unionist Party,Political Party,Registered,Great Britain,,,,,14/01/1999,True,True,True,True,False,,,31/12
PP8001,Core Independents,Political Party,Registered,Great Britain,,,,,14/10/2019,True,True,True,True,False,,,31/12
PP10238,Cornerstone,Political Party,Registered,Great Britain,,,,,07/11/2019,True,True,True,True,False,,,31/12
PP9224,Coventry Citizens Party,Political Party,Registered,Great Britain,,,,,24/10/2019,True,False,False,False,False,,,31/12
PP4037,Cross-Community Labour Alternative,Political Party,Registered,Northern Ireland,,,,,14/03/2016,False,False,False,False,False,,,31/12
PP7918,CumbriaFirst,Political Party,Registered,Great Britain,,,,,14/01/2019,True,True,True,True,False,,,31/12
PP4048,Cymru Sovereign,Political Party,Registered,Great Britain,,,,,24/03/2016,False,False,True,False,False,,,31/12
PP70,Democratic Unionist Party - D.U.P.,Political Party,Registered,Northern Ireland,,,,,14/01/1999,False,False,False,False,False,,,31/12
PP6664,Democrats and Veterans Direct Democracy Party,Political Party,Registered,Northern Ireland,,,,,12/02/2018,False,False,False,False,False,,,31/12
PP147,Derwentside Independents,Political Party,Registered,Great Britain,,,,,18/04/2001,True,False,False,False,False,,,31/12
PP249,Devizes Guardians,Political Party,Registered,Great Britain,,,,,19/06/2002,True,False,False,False,False,,,30/9
PP667,Direct Democracy (Communist) Party,Political Party,Registered,Great Britain,,,,,06/06/2007,True,True,True,False,False,,,31/12
PP6335,Drug Law Reform Party,Political Party,Registered,Northern Ireland,,,,,01/02/2017,False,False,False,False,False,,,31/12
PP12,East Cleveland Independent,Political Party,Registered,Great Britain,,,,,25/02/1999,True,False,False,False,False,,,31/12
PP2684,East Devon Alliance,Political Party,Registered,Great Britain,,,,,12/03/2015,True,False,False,False,False,,,31/12
PP6717,East Leeds Independents Party,Political Party,Registered,Great Britain,,,,,31/01/2018,True,False,False,False,False,,,31/12
PP646,East Lindsey Independent Group,Political Party,Registered,Great Britain,,,,,19/03/2007,True,False,False,False,False,,,31/12
PP675,Elm Park Residents' Association,Political Party,Registered,Great Britain,,,,,25/06/2007,True,False,False,False,False,,,31/12
PP6318,Engage,Political Party,Registered,Great Britain,,,,,30/01/2017,True,True,True,True,False,,,31/12
PP17,English Democrats,Political Party,Registered,Great Britain,,,,,15/11/1999,True,False,True,False,False,,,31/12
PP258,English National Party,Political Party,Registered,Great Britain,,,,,18/09/2002,True,True,True,False,False,,,31/12
PP195,English Parliamentary Party,Political Party,Registered,Great Britain,,,,,25/07/2001,True,False,False,False,False,,,31/12
PP526,Equal Parenting Alliance,Political Party,Registered,Great Britain,,,,,22/02/2006,True,True,True,True,False,,,31/12
PP59,Esher Residents Association,Political Party,Registered,Great Britain,,,,,28/02/2000,True,False,False,False,False,,,31/3
PP3903,Europeans Party,Political Party,Registered,Great Britain,,,,,18/02/2016,True,False,False,False,False,,,30/11
PP230,Ewell Court Residents' Association,Political Party,Registered,Great Britain,,,,,20/03/2002,True,False,False,False,False,,,31/12
PP10251,Failsworth Independent Party,Political Party,Registered,Great Britain,,,,,02/09/2019,True,False,False,False,False,,,31/12
PP2663,Farnham Residents,Political Party,Registered,Great Britain,,,,,01/04/2015,True,False,False,False,False,,,31/12
PP6572,Farnworth and Kearsley First Party,Political Party,Registered,Great Britain,,,,,13/09/2017,True,False,False,False,False,,,31/12
PP6384,Federalist Party of the United Kingdom,Political Party,Registered,Great Britain,,,,,27/03/2017,True,True,True,False,False,,,31/12
PP689,Fianna Fáil - The Republican Party,Political Party,Registered,Northern Ireland,,,,,10/12/2007,False,False,False,False,False,,,31/12
PP6662,Five Star Direct Democracy Party,Political Party,Registered,Great Britain,,,,,12/02/2018,True,True,True,True,False,,,31/12
PP2299,Formby Residents Action Group,Political Party,Registered,Great Britain,,,,,03/04/2014,True,False,False,False,False,,,31/12
PP9139,Forward,Political Party,Registered,Great Britain,,,,,02/05/2019,True,True,True,False,False,,,31/12
PP6742,Foundation Party,Political Party,Registered,Great Britain,,,,,29/03/2018,True,True,True,True,False,,,31/12
PP3971,Freedom Party,Political Party,Registered,Great Britain,,,,,23/03/2016,True,True,True,True,False,,,31/12
PP6528,Garforth and Swillington Independents Party,Political Party,Registered,Great Britain,,,,,13/09/2017,True,False,False,False,False,,,31/12
PP609,Get Snouts Out The Trough,Political Party,Registered,Great Britain,,,,,11/12/2006,True,False,False,False,False,,,31/12
PP63,Green Party,Political Party,Registered,Great Britain,,,,,25/02/1999,True,False,True,True,False,,,31/12
PP305,Green Party,Political Party,Registered,Northern Ireland,,,,,10/04/2003,False,False,False,False,False,,,31/12
PP2535,Guildford Greenbelt Group,Political Party,Registered,Great Britain,,,,,07/11/2014,True,False,False,False,False,,,31/12
PP6851,Gwlad,Political Party,Registered,Great Britain,,,,,18/02/2019,False,False,True,False,False,,,31/3
PP251,Halstead Residents' Association,Political Party,Registered,Great Britain,,,,,10/07/2002,True,False,False,False,False,,,31/12
PP10327,Hampshire Independents,Political Party,Registered,Great Britain,,,,,25/02/2020,True,False,False,False,False,,,31/12
PP96,Handforth 'Ratepayers' Association (Independent),Political Party,Registered,Great Britain,,,,,02/03/2000,True,False,False,False,False,,,31/12
PP6415,Harlow Alliance Party,Political Party,Registered,Great Britain,,,,,22/08/2017,True,False,False,False,False,,,31/12
PP784,Harold Wood Hill Park Residents Association,Political Party,Registered,Great Britain,,,,,09/11/2009,True,False,False,False,False,,,31/12
PP38,Havering Residents Association,Political Party,Registered,Great Britain,,,,,16/03/2000,True,False,False,False,False,,,30/6
PP6453,Heavy Woollen District Independents,Political Party,Registered,Great Britain,,,,,13/09/2017,True,False,False,False,False,,,31/12
PP199,Henley Residents Group,Political Party,Registered,Great Britain,,,,,05/09/2001,True,False,False,False,False,,,31/3
PP1874,Hersham Village Society,Political Party,Registered,Great Britain,,,,,21/02/2012,True,False,False,False,False,,,31/12
PP308,Hextable Independent,Political Party,Registered,Great Britain,,,,,20/03/2003,True,False,False,False,False,,,31/12
PP15,Hinchley Wood Residents Association,Political Party,Registered,Great Britain,,,,,17/02/2000,True,False,False,False,False,,,31/12
PP6638,Holland On Sea & Eastcliff Matters,Political Party,Registered,Great Britain,,,,,31/10/2017,True,False,False,False,False,,,31/12
PP207,Hornchurch Residents Association,Political Party,Registered,Great Britain,,,,,30/10/2001,True,False,False,False,False,,,31/12
PP8024,Horwich & Blackrod First Independents,Political Party,Registered,Great Britain,,,,,08/02/2019,True,False,False,False,False,,,31/12
PP834,Humanity,Political Party,Registered,Great Britain,,,,,12/03/2010,True,True,True,False,False,,,31/12
PP835,Humanity,Political Party,Registered,Northern Ireland,,,,,12/03/2010,False,False,False,False,False,,,31/12
PP11433,Independence for Scotland Party,Political Party,Registered,Great Britain,,,,,07/05/2020,False,True,False,False,False,,,31/12
PP6839,Independent Alliance (Kent),Political Party,Registered,Great Britain,,,,,26/07/2018,True,False,False,False,False,,,31/12
PP293,Independent Green Voice,Political Party,Registered,Great Britain,,,,,14/03/2003,True,True,True,False,False,,,31/12
PP44,Independent Kidderminster Hospital and Health Concern,Political Party,Registered,Great Britain,,,,,27/01/2000,True,False,False,False,False,,,31/12
PP128,Independent Loughton Residents Association,Political Party,Registered,Great Britain,,,,,15/03/2001,True,False,False,False,False,,,31/12
PP4072,Independent Network,Political Party,Registered,Northern Ireland,,,,,06/04/2016,False,False,False,False,False,,,31/12
PP1951,Independent Network,Political Party,Registered,Great Britain,,,,,05/12/2012,True,True,True,True,False,,,31/12
PP2575,Independent Sovereign Democratic Britain,Political Party,Registered,Great Britain,,,,,01/04/2015,True,True,True,False,False,,,31/12
PP7984,Independent Union,Political Party,Registered,Great Britain,,,,,18/02/2019,True,False,False,True,False,,,31/12
PP204,Independent Working Class Association,Political Party,Registered,Great Britain,,,,,25/09/2001,True,True,True,False,False,,,31/12
PP252,Independents @ Swansea,Political Party,Registered,Great Britain,,,,,21/06/2002,False,False,True,False,False,,,31/12
PP11472,Ingleby Barwick Independent Society,Political Party,Registered,Great Britain,,,,,03/02/2020,True,False,False,False,False,,,31/12
PP2152,Interactive Democracy,Political Party,Registered,Great Britain,,,,,10/01/2014,True,True,True,True,False,,,31/12
PP883,It's Our County (Herefordshire),Political Party,Registered,Great Britain,,,,,25/08/2010,True,False,False,False,False,,,31/12
PP1888,iXDemocracy,Political Party,Registered,Great Britain,,,,,21/03/2012,True,True,True,True,False,,,31/12
PP340,Joint Communities,Political Party,Registered,Great Britain,,,,,01/07/2003,True,True,True,False,False,,,31/12
PP2034,Justice For Men & Boys,Political Party,Registered,Great Britain,,,,,21/02/2013,True,True,True,True,False,,,31/12
PP157,Justice Party,Political Party,Registered,Great Britain,,,,,26/04/2001,True,False,False,False,False,,,31/12
PP6302,Kingston Independent Residents Group,Political Party,Registered,Great Britain,,,,,16/02/2017,True,False,False,False,False,,,31/12
PP53,Labour Party,Political Party,Registered,Great Britain,,,,,14/01/1999,True,True,True,True,False,,,31/12
PP2045,Left Unity,Political Party,Registered,Great Britain,,,,,26/03/2013,True,True,True,True,False,,,31/12
PP7919,"Leigh, Atherton & Tyldesley Together",Political Party,Registered,Great Britain,,,,,16/11/2018,True,False,False,False,False,,,31/12
PP789,Lewisham People Before Profit,Political Party,Registered,Great Britain,,,,,04/12/2009,True,False,False,False,False,,,31/12
PP90,Liberal Democrats,Political Party,Registered,Great Britain,,,,,14/01/1999,True,True,True,True,False,,,31/12
PP684,Libertarian Party,Political Party,Registered,Great Britain,,,,,21/11/2007,True,False,True,True,False,,,31/12
PP685,Libertarian Party,Political Party,Registered,Northern Ireland,,,,,21/11/2007,False,False,False,False,False,,,31/12
PP1986,Life,Political Party,Registered,Great Britain,,,,,05/03/2013,True,True,True,True,False,,,31/12
PP733,Lincolnshire Independents Lincolnshire First,Political Party,Registered,Great Britain,,,,,19/12/2008,True,False,False,False,False,,,31/12
PP4038,Link Party,Political Party,Registered,Great Britain,,,,,14/03/2016,True,True,True,False,False,,,31/12
PP702,Llais Gwynedd - The Voice of Gwynedd,Political Party,Registered,Great Britain,,,,,19/03/2008,False,False,True,False,False,,,31/12
PP6405,Llantwit First Independents,Political Party,Registered,Great Britain,,,,,20/03/2017,False,False,True,False,False,,,31/12
PP7960,Local Alliance,Political Party,Registered,Great Britain,,,,,05/02/2019,True,False,False,False,False,,,31/12
PP9095,Londependence,Political Party,Registered,Great Britain,,,,,21/06/2019,True,False,False,True,False,,,31/12
PP149,Lytham St Annes Independents,Political Party,Registered,Great Britain,,,,,18/04/2001,True,False,False,False,False,,,30/9
PP492,Mainstream,Political Party,Registered,Great Britain,,,,,14/04/2005,True,True,True,False,False,,,31/12
PP504,Mansfield Independents,Political Party,Registered,Great Britain,,,,,14/07/2005,True,False,False,False,False,,,31/12
PP876,Matriarchal Party United Kingdom Great Britain,Political Party,Registered,Great Britain,,,,,15/04/2010,True,True,True,True,False,,,31/12
PP58,Mebyon Kernow - The Party for Cornwall,Political Party,Registered,Great Britain,,,,,25/02/1999,True,False,False,False,False,,,31/3
PP659,Mercian Party,Political Party,Registered,Great Britain,,,,,26/03/2007,True,False,False,False,False,,,31/12
PP202,Merton Park Ward Independent Residents,Political Party,Registered,Great Britain,,,,,04/10/2001,True,False,False,False,False,,,31/12
PP2287,Mexborough First,Political Party,Registered,Great Britain,,,,,17/03/2014,True,False,False,False,False,,,31/12
PP306,Middlewich First,Political Party,Registered,Great Britain,,,,,20/03/2003,True,False,False,False,False,,,31/12
PP6387,Money Free Party,Political Party,Registered,Great Britain,,,,,27/03/2017,True,True,True,False,False,,,31/12
PP23,Morecambe Bay Independents,Political Party,Registered,Great Britain,,,,,24/03/1999,True,False,False,False,False,,,31/12
PP356,Morley Borough Independents,Political Party,Registered,Great Britain,,,,,07/01/2004,True,False,False,False,False,,,31/12
PP9162,Motherworld Party,Political Party,Registered,Great Britain,,,,,07/08/2019,True,True,True,False,False,,,31/1
PP481,Movement for Active Democracy (M.A.D.),Political Party,Registered,Great Britain,,,,,12/04/2005,True,True,True,False,False,,,31/12
PP6805,National Equality Party,Political Party,Registered,Great Britain,,,,,03/07/2018,True,True,True,True,False,,,31/12
PP1713,National Flood Prevention Party,Political Party,Registered,Great Britain,,,,,24/03/2011,True,False,False,False,False,,,31/12
PP2708,National Front,Political Party,Registered,Northern Ireland,,,,,07/04/2015,False,False,False,False,False,,,31/12
PP2707,National Front,Political Party,Registered,Great Britain,,,,,26/03/2015,True,True,True,False,False,,,31/12
PP1931,National Health Action Party,Political Party,Registered,Great Britain,,,,,11/07/2012,True,True,True,False,False,,,31/12
PP32,National Liberal Party - True Liberalism,Political Party,Registered,Great Britain,,,,,25/03/1999,True,True,True,True,False,,,31/12
PP6791,Net Tax Payers Consent Party,Political Party,Registered,Great Britain,,,,,11/12/2018,True,True,True,True,False,,,31/12
PP2645,New Parliament Party,Political Party,Registered,Great Britain,,,,,23/02/2015,True,True,True,False,False,,,31/12
PP905,Newcastle Independents,Political Party,Registered,Great Britain,,,,,18/02/2011,True,False,False,False,False,,,31/12
PP867,Newclear Outline (NO),Political Party,Registered,Great Britain,,,,,13/04/2010,True,True,True,False,False,,,31/12
PP6367,Newport Independents Party,Political Party,Registered,Great Britain,,,,,16/03/2017,False,False,True,False,False,,,31/12
PP138,Nork Residents' Association,Political Party,Registered,Great Britain,,,,,29/03/2001,True,False,False,False,False,,,31/12
PP756,Northampton - Save Our Public Services,Political Party,Registered,Great Britain,,,,,20/04/2009,True,False,False,False,False,,,31/12
PP6656,Northamptonshire Independents,Political Party,Registered,Great Britain,,,,,25/01/2018,True,False,False,False,False,,,31/12
PP4087,Northern Ireland Labour Representation Committee,Political Party,Registered,Northern Ireland,,,,,11/04/2016,False,False,False,False,False,,,31/12
PP6649,Nottingham Independents,Political Party,Registered,Great Britain,,,,,22/01/2018,True,False,False,False,False,,,31/12
PP6848,Nova Forte,Political Party,Registered,Great Britain,,,,,23/10/2018,True,True,True,False,False,,,31/12
PP66,Official Monster Raving Loony Party,Political Party,Registered,Great Britain,,,,,18/03/1999,True,True,True,False,False,,,31/12
PP2242,Old Swan Against the Cuts,Political Party,Registered,Great Britain,,,,,18/02/2014,True,False,False,False,False,,,31/12
PP12548,One Kearsley,Political Party,Registered,Great Britain,,,,,23/06/2020,True,False,False,False,False,,,31/12
PP2037,Orkney Manifesto Group,Political Party,Registered,Great Britain,,,,,12/03/2013,False,True,False,False,False,,,31/12
PP12513,Our Island,Political Party,Registered,Great Britain,,,,,07/07/2020,True,False,False,False,False,,,31/12
PP2642,Our West Lancashire,Political Party,Registered,Great Britain,,,,,20/02/2015,True,False,False,False,False,,,31/12
PP10269,Our West Midlands,Political Party,Registered,Great Britain,,,,,11/03/2020,True,False,False,False,False,,,31/12
PP3978,Oxted & Limpsfield Residents Group,Political Party,Registered,Great Britain,,,,,23/03/2016,True,False,False,False,False,,,31/12
PP1969,Patria,Political Party,Registered,Great Britain,,,,,09/11/2012,True,True,True,False,False,,,31/12
PP2,People Against Bureaucracy Group,Political Party,Registered,Great Britain,,,,,25/03/1999,True,False,False,False,False,,,28/2
PP773,People Before Profit Alliance,Political Party,Registered,Northern Ireland,,,,,01/09/2009,False,False,False,False,False,,,31/12
PP770,Pirate Party UK,Political Party,Registered,Great Britain,,,,,30/07/2009,True,True,True,True,False,,,31/12
PP77,Plaid Cymru - The Party of Wales,Political Party,Registered,Great Britain,,,,,14/01/1999,False,False,True,False,False,,,31/12
PP11468,Political Unity for Progress,Political Party,Registered,Great Britain,,,,,07/05/2020,True,True,True,False,False,,,31/12
PP3914,Populist Party,Political Party,Registered,Great Britain,,,,,14/12/2015,True,True,True,False,False,,,31/12
PP6793,Portishead Independents,Political Party,Registered,Great Britain,,,,,04/05/2018,True,False,False,False,False,,,31/12
PP9182,Positive Horizon,Political Party,Registered,Northern Ireland,,,,,15/07/2019,False,False,False,False,False,,,31/12
PP9068,Positive Horizon,Political Party,Registered,Great Britain,,,,,18/04/2019,True,True,True,False,False,,,31/12
PP8002,Progress and Reform Party,Political Party,Registered,Great Britain,,,,,12/03/2019,True,True,True,False,False,,,31/12
PP8036,Progressive Party,Political Party,Registered,Great Britain,,,,,10/04/2019,True,True,True,True,False,,,31/12
PP101,Progressive Unionist Party of Northern Ireland,Political Party,Registered,Northern Ireland,,,,,24/03/1999,False,False,False,False,False,,,31/12
PP7985,Prosper UK,Political Party,Registered,Great Britain,,,,,12/03/2019,True,True,True,True,False,,,31/12
PP10256,Proud of Oldham & Saddleworth,Political Party,Registered,Great Britain,,,,,11/10/2019,True,False,False,False,False,,,31/12
PP6655,Psychedelic Future Party,Political Party,Registered,Great Britain,,,,,18/01/2018,True,True,True,False,False,,,31/12
PP12493,"Putting Crewe First, Independent Residents Group.",Political Party,Registered,Great Britain,,,,,23/06/2020,True,False,False,False,False,,,31/12
PP9085,Radcliffe First,Political Party,Registered,Great Britain,,,,,18/04/2019,True,False,False,False,False,,,31/12
PP238,Rainham Resident's Association,Political Party,Registered,Great Britain,,,,,25/03/2002,True,False,False,False,False,,,31/12
PP268,Real Democracy Party,Political Party,Registered,Northern Ireland,,,,,26/11/2002,False,False,False,False,False,,,31/12
PP267,Real Democracy Party,Political Party,Registered,Great Britain,,,,,26/11/2002,True,True,True,False,False,,,31/12
PP2674,Rebooting Democracy,Political Party,Registered,Great Britain,,,,,01/04/2015,True,True,True,True,False,,,31/12
PP6878,Red Party of Scotland,Political Party,Registered,Great Britain,,,,,24/10/2018,False,True,False,False,False,,,31/12
PP2806,Redbridge Trade Union Party,Political Party,Registered,Great Britain,,,,,29/07/2015,True,False,False,False,False,,,30/6
PP86,Reform 2000 Party,Political Party,Registered,Great Britain,,,,,19/03/2000,True,True,True,False,False,,,31/12
PP11471,Reform Derby,Political Party,Registered,Great Britain,,,,,18/03/2020,True,False,False,False,False,,,31/12
PP6316,Regional Party,Political Party,Registered,Great Britain,,,,,30/10/2017,True,False,False,False,False,,,31/12
PP11423,Rejoin EU,Political Party,Registered,Great Britain,,,,,17/02/2020,True,True,True,True,False,,,31/12
PP6595,Renew,Political Party,Registered,Great Britain,,,,,30/10/2017,True,True,True,True,False,,,31/12
PP74,Residents Associations of Epsom and Ewell,Political Party,Registered,Great Britain,,,,,13/12/2000,True,False,False,False,False,,,31/12
PP9049,Residents for Guildford and Villages,Political Party,Registered,Great Britain,,,,,12/03/2019,True,False,False,False,False,,,31/12
PP2468,Residents for Uttlesford,Political Party,Registered,Great Britain,,,,,29/10/2014,True,False,False,False,False,,,31/12
PP8038,Residents of Wilmslow,Political Party,Registered,Great Britain,,,,,26/02/2019,True,False,False,False,False,,,31/12
PP6808,Residents' Association of Cuddington,Political Party,Registered,Great Britain,,,,,29/05/2018,True,False,False,False,False,,,31/12
PP836,Restoration Party,Political Party,Registered,Great Britain,,,,,12/03/2010,True,True,True,True,False,,,31/12
PP837,Restoration Party,Political Party,Registered,Northern Ireland,,,,,12/03/2010,False,False,False,False,False,,,31/12
PP89,Revolutionary Communist Party Britain (Marxist-Leninist),Political Party,Registered,Great Britain,,,,,09/05/2000,True,True,True,False,False,,,31/12
PP2871,"RISE  - Respect, Independence, Socialism and Environmentalism",Political Party,Registered,Great Britain,,,,,16/12/2015,False,True,False,False,False,,,31/12
PP341,Rochford District Residents,Political Party,Registered,Great Britain,,,,,09/07/2003,True,False,False,False,False,,,31/12
PP11473,Rotherham Democratic Party,Political Party,Registered,Great Britain,,,,,26/02/2020,True,False,False,False,False,,,31/12
PP205,Runnymede Independent Residents' Group,Political Party,Registered,Great Britain,,,,,29/10/2001,True,False,False,False,False,,,31/12
PP7920,Saddleworth First!,Political Party,Registered,Great Britain,,,,,16/11/2018,True,False,False,False,False,,,31/12
PP2042,Sandown Independents,Political Party,Registered,Great Britain,,,,,12/03/2013,True,False,False,False,False,,,31/12
PP6718,Save Our Beeston and Holbeck Independents,Political Party,Registered,Great Britain,,,,,31/01/2018,True,False,False,False,False,,,31/12
PP6712,Save Us Now,Political Party,Registered,Great Britain,,,,,23/03/2018,True,False,False,False,False,,,31/12
PP6852,Scotland - Unhyphenated,Political Party,Registered,Great Britain,,,,,28/08/2018,False,True,False,False,False,,,31/12
PP768,Scottish Democratic Alliance,Political Party,Registered,Great Britain,,,,,03/07/2009,False,True,False,False,False,,,31/12
PP2832,Scottish Democrats,Political Party,Registered,Great Britain,,,,,21/08/2015,False,True,False,False,False,,,31/12
PP6380,Scottish Family Party,Political Party,Registered,Great Britain,,,,,11/09/2017,True,True,True,False,False,,,31/12
PP130,Scottish Green Party,Political Party,Registered,Great Britain,,,,,04/04/2001,False,True,False,False,False,,,31/12
PP3906,Scottish Libertarian Party,Political Party,Registered,Great Britain,,,,,02/03/2016,False,True,False,False,False,,,31/12
PP102,Scottish National Party (SNP),Political Party,Registered,Great Britain,,,,,14/01/1999,False,True,False,False,False,,,31/12
PP46,Scottish Socialist Party,Political Party,Registered,Great Britain,,,,,25/02/1999,False,True,False,False,False,,,31/12
PP809,Scottish Unionist Party,Political Party,Registered,Great Britain,,,,,10/02/2010,False,True,False,False,False,,,31/12
PP55,SDLP (Social Democratic & Labour Party),Political Party,Registered,Northern Ireland,,,,,14/01/1999,False,False,False,False,False,,,31/12
PP4182,Seaham Community Party,Political Party,Registered,Great Britain,,,,,11/08/2016,True,False,False,False,False,,,1/1
PP2803,Self-Ownership Party,Political Party,Registered,Great Britain,,,,,03/07/2015,True,False,False,False,False,,,31/12
PP10290,Shropshire Party,Political Party,Registered,Great Britain,,,,,07/11/2019,True,False,False,False,False,,,31/12
PP39,Sinn Féin,Political Party,Registered,Northern Ireland,,,,,14/01/1999,False,False,False,False,False,,,31/12
PP6816,Skegness urban district society,Political Party,Registered,Great Britain,,,,,08/08/2018,True,False,False,False,False,,,31/12
PP7956,Skelmersdale Independent Party,Political Party,Registered,Great Britain,,,,,04/02/2019,True,False,False,False,False,,,31/12
PP243,Social Democratic Party,Political Party,Registered,Great Britain,,,,,24/07/2002,True,True,True,True,False,,,31/12
PP559,Socialist Alliance,Political Party,Registered,Great Britain,,,,,30/01/2007,True,False,True,True,False,,,31/12
PP108,Socialist Alternative,Political Party,Registered,Great Britain,,,,,25/03/1999,True,False,True,False,False,,,31/12
PP633,Socialist Equality Party,Political Party,Registered,Great Britain,,,,,27/02/2007,True,True,True,False,False,,,31/12
PP73,Socialist Labour Party,Political Party,Registered,Great Britain,,,,,25/02/1999,True,True,True,False,False,,,31/12
PP28,Socialist Party (Northern Ireland),Political Party,Registered,Northern Ireland,,,,,25/02/1999,False,False,False,False,False,,,31/12
PP2897,Solidarity - Scotland's Socialist Movement,Political Party,Registered,Great Britain,,,,,06/01/2016,False,True,False,False,False,,,31/12
PP840,Solihull and Meriden Residents Association,Political Party,Registered,Great Britain,,,,,15/03/2010,True,False,False,False,False,,,31/12
PP2486,Something New,Political Party,Registered,Great Britain,,,,,12/03/2015,True,True,True,True,False,,,31/12
PP896,South Woodham Ferrers Council Taxpayers Association,Political Party,Registered,Great Britain,,,,,01/12/2010,True,False,False,False,False,,,31/12
PP549,Space Navies Party,Political Party,Registered,Great Britain,,,,,21/03/2006,True,True,True,False,False,,,31/12
PP6403,St. Neots Independent Group,Political Party,Registered,Great Britain,,,,,20/03/2017,True,False,False,False,False,,,31/12
PP6757,Stalybridge Town Party,Political Party,Registered,Great Britain,,,,,29/03/2018,True,False,False,False,False,,,31/12
PP591,Stoneleigh and Auriol Residents' Association,Political Party,Registered,Great Britain,,,,,17/10/2006,True,False,False,False,False,,,31/12
PP6730,Swale Independents,Political Party,Registered,Great Britain,,,,,21/05/2018,True,False,False,False,False,,,31/12
PP6370,Swanscombe and Greenhithe Residents' Association,Political Party,Registered,Great Britain,,,,,20/03/2017,True,False,False,False,False,,,30/9
PP6615,Taking The Initiative Party,Political Party,Registered,Great Britain,,,,,02/10/2017,True,False,True,False,False,,,31/12
PP141,Tattenham & Preston Residents,Political Party,Registered,Great Britain,,,,,29/03/2001,True,False,False,False,False,,,31/12
PP6322,Temple and Farringdon Together,Political Party,Registered,Great Britain,,,,,16/02/2017,True,False,False,False,False,,,31/12
PP661,Tendring First,Political Party,Registered,Great Britain,,,,,26/03/2007,True,False,False,False,False,,,31/12
PP48,Tewkesbury and Twyning Independents,Political Party,Registered,Great Britain,,,,,27/07/2000,True,False,False,False,False,,,31/12
PP64,Thames Ditton / Weston Green Residents' Association,Political Party,Registered,Great Britain,,,,,17/02/2000,True,False,False,False,False,,,31/12
PP8030,Thanet Independents,Political Party,Registered,Great Britain,,,,,18/02/2019,True,False,False,False,False,,,31/12
PP2644,The Beverley Party,Political Party,Registered,Great Britain,,,,,01/04/2015,True,False,False,False,False,,,31/12
PP660,The Borders Party,Political Party,Registered,Great Britain,,,,,26/03/2007,False,True,False,False,False,,,31/12
PP6810,the Borough first,Political Party,Registered,Great Britain,,,,,05/07/2018,True,False,False,False,False,,,31/12
PP7931,The Brexit Party,Political Party,Registered,Great Britain,,,,,05/02/2019,True,True,True,True,False,,,31/12
PP9208,The Citizens Movement Party UK,Political Party,Registered,Great Britain,,,,,10/09/2019,True,True,True,False,False,,,31/12
PP2117,The Common People,Political Party,Registered,Great Britain,,,,,12/06/2015,True,True,True,True,False,,,31/12
PP7921,The Compass Party,Political Party,Registered,Great Britain,,,,,18/02/2019,True,True,True,False,False,,,31/12
PP10254,The Constitution and Reform Party,Political Party,Registered,Great Britain,,,,,09/10/2019,True,False,False,False,False,,,31/12
PP4186,The Cynon Valley Party,Political Party,Registered,Great Britain,,,,,24/06/2016,False,False,True,False,False,,,31/12
PP1813,The Democratic Party,Political Party,Registered,Great Britain,,,,,06/07/2012,True,True,True,True,False,,,31/12
PP1983,The Entertainment Party,Political Party,Registered,Great Britain,,,,,05/12/2012,True,True,True,False,False,,,31/12
PP6661,The For Britain Movement,Political Party,Registered,Great Britain,,,,,09/03/2018,True,True,True,True,False,,,31/12
PP902,The House Party - Homes For Londoners,Political Party,Registered,Great Britain,,,,,02/02/2011,True,True,True,False,False,,,31/12
PP865,The Justice & Anti-Corruption Party,Political Party,Registered,Great Britain,,,,,13/04/2010,True,True,True,False,False,,,31/12
PP54,The Liberal Party,Political Party,Registered,Great Britain,,,,,25/02/1999,True,True,True,False,False,,,31/12
PP2692,The Local Party,Political Party,Registered,Great Britain,,,,,17/03/2015,True,True,True,False,False,,,31/12
PP9210,The Migrant Party,Political Party,Registered,Great Britain,,,,,10/09/2019,True,False,False,False,False,,,31/8
PP1701,The Moderate Group,Political Party,Registered,Great Britain,,,,,14/03/2011,True,False,False,False,False,,,31/12
PP20,The Molesey Residents Association,Political Party,Registered,Great Britain,,,,,10/11/1999,True,False,False,False,False,,,31/12
PP6385,The Ninety-Nine Percent Party,Political Party,Registered,Great Britain,,,,,13/07/2017,True,True,True,True,False,,,31/12
PP2303,The North East Party,Political Party,Registered,Great Britain,,,,,15/05/2014,True,False,False,False,False,,,31/12
PP886,The Party for Poole People Ltd.,Political Party,Registered,Great Britain,,,,,06/10/2010,True,False,False,False,False,,,31/12
PP2168,The Party Party,Political Party,Registered,Great Britain,,,,,19/11/2013,True,True,True,True,False,,,31/12
PP133,"The Peace Party - Non-violence, Justice, Environment",Political Party,Registered,Great Britain,,,,,15/03/2001,True,True,True,False,False,,,31/12
PP6472,The People's Revolution Party,Political Party,Registered,Great Britain,,,,,04/05/2017,True,True,True,True,False,,,31/12
PP378,The Peoples Party For Better Government,Political Party,Registered,Great Britain,,,,,01/04/2004,True,True,True,False,False,,,31/12
PP12506,The Priority Party,Political Party,Registered,Great Britain,,,,,18/03/2020,True,True,True,False,False,,,31/12
PP2729,The Protest Party,Political Party,Registered,Great Britain,,,,,07/04/2015,True,True,True,False,False,,,31/12
PP2652,The Radical Party,Political Party,Registered,Great Britain,,,,,23/02/2015,True,False,False,False,False,,,31/12
PP1871,The Realists' Party,Political Party,Registered,Great Britain,,,,,16/02/2012,True,True,True,False,False,,,31/12
PP45,The Referendum Party,Political Party,Registered,Great Britain,,,,,25/02/1999,True,True,True,False,False,,,31/12
PP1722,The Republican Socialist Party,Political Party,Registered,Great Britain,,,,,31/03/2011,True,True,True,True,False,,,31/12
PP6383,The Rubbish Party,Political Party,Registered,Great Britain,,,,,27/03/2017,False,True,False,False,False,,,31/12
PP6680,The Sensible Party,Political Party,Registered,Great Britain,,,,,22/01/2018,True,False,False,False,False,,,31/12
PP110,The Socialist Party of Great Britain,Political Party,Registered,Great Britain,,,,,25/02/1999,True,True,True,True,False,,,31/12
PP2027,The Spitfire Party,Political Party,Registered,Great Britain,,,,,13/02/2013,True,True,True,False,False,,,31/12
PP2043,The United Democratic Party,Political Party,Registered,Great Britain,,,,,12/03/2013,True,True,True,True,False,,,31/12
PP10240,The Universal Good Party,Political Party,Registered,Great Britain,,,,,01/10/2019,True,True,True,True,False,,,31/12
PP75,The Walton Society,Political Party,Registered,Great Britain,,,,,29/12/1999,True,False,False,False,False,,,31/3
PP2380,The Whig Party,Political Party,Registered,Great Britain,,,,,15/09/2014,True,True,True,True,False,,,31/12
PP127,The Workers Party,Political Party,Registered,Northern Ireland,,,,,15/03/2001,False,False,False,False,False,,,31/12
PP296,Thornaby Independent Association,Political Party,Registered,Great Britain,,,,,14/03/2003,True,False,False,False,False,,,31/12
PP6707,Thurrock Independents,Political Party,Registered,Great Britain,,,,,16/02/2018,True,False,False,False,False,,,31/12
PP11469,Time Party,Political Party,Registered,Great Britain,,,,,18/03/2020,True,True,True,False,False,,,31/12
PP10355,Tomorrow's World Order,Political Party,Registered,Great Britain,,,,,26/06/2020,True,True,True,True,False,,,31/12
PP6431,Touch Love Worldwide (UK),Political Party,Registered,Great Britain,,,,,03/11/2017,True,True,True,False,False,,,31/12
PP804,Trade Unionist and Socialist Coalition,Political Party,Registered,Great Britain,,,,,27/01/2010,True,True,True,False,False,,,31/12
PP680,Traditional Unionist Voice - TUV,Political Party,Registered,Northern Ireland,,,,,10/10/2007,False,False,False,False,False,,,31/12
PP2693,Transhumanist Party,Political Party,Registered,Great Britain,,,,,12/06/2015,True,True,True,True,False,,,31/12
PP710,True Democracy Party,Political Party,Registered,Great Britain,,,,,28/03/2008,True,True,True,False,False,,,31/12
PP6711,Tunbridge Wells Alliance,Political Party,Registered,Great Britain,,,,,26/02/2018,True,False,False,False,False,,,31/12
PP9060,UK European Union Party (UKEUP),Political Party,Registered,Great Britain,,,,,18/04/2019,True,True,True,True,False,,,31/12
PP85,UK Independence Party (UKIP),Political Party,Registered,Great Britain,,,,,25/02/1999,True,True,True,True,False,,,31/12
PP84,UK Independence Party (UKIP),Political Party,Registered,Northern Ireland,,,,,16/02/2001,False,False,False,False,False,,,31/12
PP2482,UK Meritocracy Party,Political Party,Registered,Great Britain,,,,,04/11/2014,True,False,True,True,False,,,31/12
PP9053,UK Voice,Political Party,Registered,Great Britain,,,,,23/06/2020,True,True,True,False,False,,,31/12
PP9058,UK Voice,Political Party,Registered,Northern Ireland,,,,,23/06/2020,False,False,False,False,False,,,31/12
PP83,Ulster Unionist Party,Political Party,Registered,Northern Ireland,,,,,14/01/1999,False,False,False,False,False,,,31/12
PP5273,United Kingdom Liberty Party,Political Party,Registered,Great Britain,,,,,06/10/2016,True,True,True,True,False,,,31/12
PP649,Unity For Peace And Socialism,Political Party,Registered,Great Britain,,,,,19/03/2007,True,True,True,False,False,,,31/12
PP6658,Unity in Action,Political Party,Registered,Great Britain,,,,,28/11/2017,True,True,True,False,False,,,31/12
PP5299,Uplands,Political Party,Registered,Great Britain,,,,,30/11/2016,False,False,True,False,False,,,31/12
PP30,Upminster and Cranham Residents Association,Political Party,Registered,Great Britain,,,,,16/03/2000,True,False,False,False,False,,,31/12
PP11399,Vanguard Party,Political Party,Registered,Great Britain,,,,,05/05/2020,True,True,True,False,False,,,31/12
PP6719,Veterans and People’s Party,Political Party,Registered,Great Britain,,,,,31/01/2018,True,True,True,False,False,,,31/12
PP6721,Veterans and People’s Party,Political Party,Registered,Northern Ireland,,,,,31/01/2018,False,False,False,False,False,,,31/12
PP426,Vivamus,Political Party,Registered,Great Britain,,,,,07/02/2005,True,True,True,False,False,,,31/12
PP8009,Volt United Kingdom,Political Party,Registered,Great Britain,,,,,06/01/2020,True,True,True,False,False,,,31/12
PP2086,Vote Roehampton,Political Party,Registered,Great Britain,,,,,03/07/2013,True,False,False,False,False,,,31/12
PP2600,Vox Pop,Political Party,Registered,Great Britain,,,,,17/03/2015,True,True,True,False,False,,,31/12
PP1995,Welwyn Garden City Party,Political Party,Registered,Great Britain,,,,,26/02/2013,True,False,False,False,False,,,31/12
PP4039,Werrington First,Political Party,Registered,Great Britain,,,,,14/03/2016,True,False,False,False,False,,,31/12
PP95,Wessex Regionalists,Political Party,Registered,Great Britain,,,,,25/06/1999,True,False,False,False,False,,,31/12
PP4032,West Dunbartonshire Community Party,Political Party,Registered,Great Britain,,,,,19/05/2016,False,True,False,False,False,,,31/3
PP2353,West Suffolk Independents,Political Party,Registered,Great Britain,,,,,04/09/2014,True,False,False,False,False,,,1/1
PP6402,West Windsor Residents Association,Political Party,Registered,Great Britain,,,,,17/08/2017,True,False,False,False,False,,,31/12
PP9067,Westhoughton First Independents,Political Party,Registered,Great Britain,,,,,20/03/2019,True,False,False,False,False,,,31/12
PP49,Weybridge & St. George's Independents,Political Party,Registered,Great Britain,,,,,16/03/2000,True,False,False,False,False,,,31/12
PP129,Whitnash Residents Association,Political Party,Registered,Great Britain,,,,,30/03/2001,True,False,False,False,False,,,31/12
PP6679,Wickford Independents,Political Party,Registered,Great Britain,,,,,16/02/2018,True,False,False,False,False,,,31/12
PP7948,Wigan Independents,Political Party,Registered,Great Britain,,,,,08/02/2019,True,False,False,False,False,,,31/12
PP4047,Winchester Independents,Political Party,Registered,Great Britain,,,,,23/03/2016,True,False,False,False,False,,,31/12
PP2755,Women's Equality Party,Political Party,Registered,Great Britain,,,,,20/07/2015,True,True,True,True,False,,,31/12
PP11382,Workers Party of Britain,Political Party,Registered,Great Britain,,,,,22/04/2020,True,True,True,True,False,,,31/12
PP184,Workers Revolutionary Party,Political Party,Registered,Great Britain,,,,,15/05/2001,True,False,False,False,False,,,31/12
PP2601,Wycombe Independents,Political Party,Registered,Great Britain,,,,,18/03/2015,True,False,False,False,False,,,31/12
PP279,Wythall Residents' Association,Political Party,Registered,Great Britain,,,,,19/02/2003,True,False,False,False,False,,,31/12
PP730,Yes 2 Europe,Political Party,Registered,Great Britain,,,,,19/09/2008,True,True,True,True,False,,,31/12
PP6533,Yeshua,Political Party,Registered,Great Britain,,,,,18/01/2018,True,True,True,True,False,,,31/12
PP2055,Yorkshire Party,Political Party,Registered,Great Britain,,,,,12/06/2013,True,False,False,False,False,,,31/12
PP1912,Young People's Party YPP,Political Party,Registered,Great Britain,,,,,06/06/2012,True,True,True,True,False,,,31/12
PP2300,Yourvoice,Political Party,Registered,Great Britain,,,,,17/03/2014,True,True,True,False,False,,,31/12
PP1949,Zero Tolerance Policing ex  Chief,Political Party,Registered,Great Britain,,,,,10/10/2012,True,False,False,False,False,,,31/12
